-- phpMyAdmin SQL Dump
-- version 5.2.1
-- https://www.phpmyadmin.net/
--
-- Host: localhost
-- Generation Time: Mar 10, 2026 at 07:04 PM
-- Server version: 10.4.28-MariaDB
-- PHP Version: 8.2.4

SET SQL_MODE = "NO_AUTO_VALUE_ON_ZERO";
START TRANSACTION;
SET time_zone = "+00:00";


/*!40101 SET @OLD_CHARACTER_SET_CLIENT=@@CHARACTER_SET_CLIENT */;
/*!40101 SET @OLD_CHARACTER_SET_RESULTS=@@CHARACTER_SET_RESULTS */;
/*!40101 SET @OLD_COLLATION_CONNECTION=@@COLLATION_CONNECTION */;
/*!40101 SET NAMES utf8mb4 */;

--
-- Database: `lol`
--

-- --------------------------------------------------------

--
-- Table structure for table `personajes`
--

CREATE TABLE `personajes` (
  `id` int(11) NOT NULL,
  `nombre` varchar(100) NOT NULL,
  `descripcion` varchar(500) NOT NULL,
  `tipo_id` int(11) NOT NULL,
  `imagen` varchar(500) DEFAULT NULL,
  `created_at` timestamp NOT NULL DEFAULT current_timestamp()
) ENGINE=InnoDB DEFAULT CHARSET=utf8mb4 COLLATE=utf8mb4_spanish2_ci;

--
-- Dumping data for table `personajes`
--

INSERT INTO `personajes` (`id`, `nombre`, `descripcion`, `tipo_id`, `imagen`, `created_at`) VALUES
(1, 'San Miguel de Allende, México', 'Una ciudad con calles empedradas, arquitectura colonial, ambiente cultural y rincones ideales para una escapada con mucho encanto.', 4, '/img/San Miguel de Allende.png', '2026-03-05 18:13:22'),
(2, 'Marruecos', 'Un destino lleno de color, mercados tradicionales, arquitectura única y experiencias culturales que combinan ciudad, desierto y tradición.', 4, '/img/Marruecos.png', '2026-03-05 18:13:22'),
(3, 'Sierra Nevada', 'Una excelente opción para quienes quieren montañas, aire libre, paisajes nevados y actividades de naturaleza durante varias temporadas del año.', 2, '/img/Sierra Nevada.png', '2026-03-05 18:16:09'),
(4, 'París, Francia', 'Una ciudad clásica para recorrer museos, avenidas emblemáticas, cafeterías y rincones históricos en una experiencia urbana inolvidable.', 3, '/img/Paris.png', '2026-03-05 18:44:10');

-- --------------------------------------------------------

--
-- Table structure for table `posee`
--

CREATE TABLE `posee` (
  `id_rol` int(11) NOT NULL,
  `id_privilegio` int(11) NOT NULL,
  `created_at` timestamp NOT NULL DEFAULT current_timestamp()
) ENGINE=InnoDB DEFAULT CHARSET=utf8mb4 COLLATE=utf8mb4_spanish2_ci;

--
-- Dumping data for table `posee`
--

INSERT INTO `posee` (`id_rol`, `id_privilegio`, `created_at`) VALUES
(1, 1, '2026-03-10 18:03:48'),
(2, 1, '2026-03-10 18:03:59'),
(2, 2, '2026-03-10 18:03:59'),
(2, 3, '2026-03-10 18:03:59'),
(2, 4, '2026-03-10 18:03:59'),
(3, 1, '2026-03-10 18:05:10'),
(3, 3, '2026-03-10 18:05:10');

-- --------------------------------------------------------

--
-- Table structure for table `privilegios`
--

CREATE TABLE `privilegios` (
  `id` int(11) NOT NULL,
  `nombre_privilegio` varchar(100) NOT NULL,
  `created_at` timestamp NOT NULL DEFAULT current_timestamp()
) ENGINE=InnoDB DEFAULT CHARSET=utf8mb4 COLLATE=utf8mb4_spanish2_ci;

--
-- Dumping data for table `privilegios`
--

INSERT INTO `privilegios` (`id`, `nombre_privilegio`, `created_at`) VALUES
(1, 'ver_personajes', '2026-03-10 18:03:32'),
(2, 'crear_personajes', '2026-03-10 18:03:32'),
(3, 'editar_personajes', '2026-03-10 18:03:32'),
(4, 'administrar_rbac', '2026-03-10 18:03:32');

-- --------------------------------------------------------

--
-- Table structure for table `roles`
--

CREATE TABLE `roles` (
  `id` int(11) NOT NULL,
  `nombre_rol` varchar(50) NOT NULL,
  `created_at` timestamp NOT NULL DEFAULT current_timestamp()
) ENGINE=InnoDB DEFAULT CHARSET=utf8mb4 COLLATE=utf8mb4_spanish2_ci;

--
-- Dumping data for table `roles`
--

INSERT INTO `roles` (`id`, `nombre_rol`, `created_at`) VALUES
(1, 'invocador', '2026-03-10 18:03:16'),
(2, 'administrador', '2026-03-10 18:03:16'),
(3, 'editor', '2026-03-10 18:03:16');

-- --------------------------------------------------------

--
-- Table structure for table `tiene`
--

CREATE TABLE `tiene` (
  `id_usuario` varchar(50) NOT NULL,
  `id_rol` int(11) NOT NULL,
  `created_at` timestamp NOT NULL DEFAULT current_timestamp()
) ENGINE=InnoDB DEFAULT CHARSET=utf8mb4 COLLATE=utf8mb4_spanish2_ci;

--
-- Dumping data for table `tiene`
--

INSERT INTO `tiene` (`id_usuario`, `id_rol`, `created_at`) VALUES
('joel123', 2, '2026-03-10 18:04:19'),
('valentino123', 1, '2026-03-10 18:04:19'),
('jinx123', 3, '2026-03-10 18:04:19');

-- --------------------------------------------------------

--
-- Table structure for table `tipo`
--

CREATE TABLE `tipo` (
  `id` int(11) NOT NULL,
  `tipo` varchar(100) NOT NULL
) ENGINE=InnoDB DEFAULT CHARSET=utf8mb4 COLLATE=utf8mb4_spanish2_ci;

--
-- Dumping data for table `tipo`
--

INSERT INTO `tipo` (`id`, `tipo`) VALUES
(1, 'playa'),
(2, 'naturaleza'),
(3, 'ciudad'),
(4, 'cultural');

-- --------------------------------------------------------

--
-- Table structure for table `usuarios`
--

CREATE TABLE `usuarios` (
  `username` varchar(50) NOT NULL,
  `nombre` varchar(100) NOT NULL,
  `password` varchar(500) NOT NULL,
  `correo` varchar(100) NOT NULL,
  `created_at` timestamp NOT NULL DEFAULT current_timestamp()
) ENGINE=InnoDB DEFAULT CHARSET=utf8mb4 COLLATE=utf8mb4_spanish2_ci;

--
-- Dumping data for table `usuarios`
--

INSERT INTO `usuarios` (`username`, `nombre`, `password`, `correo`, `created_at`) VALUES
('joel123', 'Joel García', '$2b$12$Trhu5g8emvTgIH577h4XuO0vT3t97RPbDe6ZduHrADdgepTYc0Nha', 'joeleoj@gmail.com', '2026-03-09 17:59:37'),
('valentino123', 'Valentino Ortiz', '$2b$12$y1YnQcptunQlg7zaBm0P3Oc9B4hMjB/E2VOMRL3xaZxLcEvAAQVtC', 'valentinoortiz@gmail.com', '2026-03-09 18:01:33'),
('jinx123', 'Jinx Piltover', '$2b$12$Trhu5g8emvTgIH577h4XuO0vT3t97RPbDe6ZduHrADdgepTYc0Nha', 'jinx@gmail.com', '2026-03-09 18:04:33');

--
-- Indexes for dumped tables
--

--
-- Indexes for table `personajes`
--
ALTER TABLE `personajes`
  ADD PRIMARY KEY (`id`),
  ADD KEY `tipo_id` (`tipo_id`);

--
-- Indexes for table `posee`
--
ALTER TABLE `posee`
  ADD PRIMARY KEY (`id_rol`,`id_privilegio`),
  ADD KEY `id_privilegio` (`id_privilegio`);

--
-- Indexes for table `privilegios`
--
ALTER TABLE `privilegios`
  ADD PRIMARY KEY (`id`);

--
-- Indexes for table `roles`
--
ALTER TABLE `roles`
  ADD PRIMARY KEY (`id`);

--
-- Indexes for table `tiene`
--
ALTER TABLE `tiene`
  ADD PRIMARY KEY (`id_usuario`,`id_rol`),
  ADD KEY `id_rol` (`id_rol`);

--
-- Indexes for table `tipo`
--
ALTER TABLE `tipo`
  ADD PRIMARY KEY (`id`);

--
-- Indexes for table `usuarios`
--
ALTER TABLE `usuarios`
  ADD PRIMARY KEY (`username`);

--
-- AUTO_INCREMENT for dumped tables
--

--
-- AUTO_INCREMENT for table `personajes`
--
ALTER TABLE `personajes`
  MODIFY `id` int(11) NOT NULL AUTO_INCREMENT, AUTO_INCREMENT=5;

--
-- AUTO_INCREMENT for table `privilegios`
--
ALTER TABLE `privilegios`
  MODIFY `id` int(11) NOT NULL AUTO_INCREMENT, AUTO_INCREMENT=5;

--
-- AUTO_INCREMENT for table `roles`
--
ALTER TABLE `roles`
  MODIFY `id` int(11) NOT NULL AUTO_INCREMENT, AUTO_INCREMENT=4;

--
-- AUTO_INCREMENT for table `tipo`
--
ALTER TABLE `tipo`
  MODIFY `id` int(11) NOT NULL AUTO_INCREMENT, AUTO_INCREMENT=5;

--
-- Constraints for dumped tables
--

--
-- Constraints for table `personajes`
--
ALTER TABLE `personajes`
  ADD CONSTRAINT `personajes_ibfk_1` FOREIGN KEY (`tipo_id`) REFERENCES `tipo` (`id`);

--
-- Constraints for table `posee`
--
ALTER TABLE `posee`
  ADD CONSTRAINT `posee_ibfk_1` FOREIGN KEY (`id_rol`) REFERENCES `roles` (`id`),
  ADD CONSTRAINT `posee_ibfk_2` FOREIGN KEY (`id_privilegio`) REFERENCES `privilegios` (`id`);

--
-- Constraints for table `tiene`
--
ALTER TABLE `tiene`
  ADD CONSTRAINT `tiene_ibfk_1` FOREIGN KEY (`id_usuario`) REFERENCES `usuarios` (`username`),
  ADD CONSTRAINT `tiene_ibfk_2` FOREIGN KEY (`id_rol`) REFERENCES `roles` (`id`);
COMMIT;

/*!40101 SET CHARACTER_SET_CLIENT=@OLD_CHARACTER_SET_CLIENT */;
/*!40101 SET CHARACTER_SET_RESULTS=@OLD_CHARACTER_SET_RESULTS */;
/*!40101 SET COLLATION_CONNECTION=@OLD_COLLATION_CONNECTION */;
